{
  "project_info": {
    "project_number": "859408253411",
    "firebase_url": "https://livetv-67558-default-rtdb.firebaseio.com",
    "project_id": "livetv-67558",
    "storage_bucket": "livetv-67558.appspot.com"
  },
  "client": [
    {
      "client_info": {
        "mobilesdk_app_id": "1:859408253411:android:0899baf291c29cd63c60d6",
        "android_client_info": {
          "package_name": "com.aftab.livetv"
        }
      },
      "oauth_client": [
        {
          "client_id": "859408253411-av9vh6kughklr7vdir1tt30c5cp0g6ge.apps.googleusercontent.com",
          "client_type": 1,
          "android_info": {
            "package_name": "com.aftab.livetv",
            "certificate_hash": "9b4d6ce2a02e1a0f358364be3f7758e89d46efa8"
          }
        },
        {
          "client_id": "859408253411-u78ost3pl31q8euq5f152drvl5uv7r3a.apps.googleusercontent.com",
          "client_type": 3
        }
      ],
      "api_key": [
        {
          "current_key": "AIzaSyCj6NrGAQrtjlVnUiv7oTIr-cCFWCoQ4kI"
        }
      ],
      "services": {
        "appinvite_service": {
          "other_platform_oauth_client": [
            {
              "client_id": "859408253411-u78ost3pl31q8euq5f152drvl5uv7r3a.apps.googleusercontent.com",
              "client_type": 3
            }
          ]
        }
      }
    },
    {
      "client_info": {
        "mobilesdk_app_id": "1:859408253411:android:89e9fa24115f621e3c60d6",
        "android_client_info": {
          "package_name": "com.aftab.livetvadmin"
        }
      },
      "oauth_client": [
        {
          "client_id": "859408253411-164k2t2bsu2n0dcm2uv6lk3hb0jgrl5s.apps.googleusercontent.com",
          "client_type": 1,
          "android_info": {
            "package_name": "com.aftab.livetvadmin",
            "certificate_hash": "9b4d6ce2a02e1a0f358364be3f7758e89d46efa8"
          }
        },
        {
          "client_id": "859408253411-u78ost3pl31q8euq5f152drvl5uv7r3a.apps.googleusercontent.com",
          "client_type": 3
        }
      ],
      "api_key": [
        {
          "current_key": "AIzaSyCj6NrGAQrtjlVnUiv7oTIr-cCFWCoQ4kI"
        }
      ],
      "services": {
        "appinvite_service": {
          "other_platform_oauth_client": [
            {
              "client_id": "859408253411-u78ost3pl31q8euq5f152drvl5uv7r3a.apps.googleusercontent.com",
              "client_type": 3
            }
          ]
        }
      }
    },
    {
      "client_info": {
        "mobilesdk_app_id": "1:859408253411:android:3cd6ff8bfecfc4c43c60d6",
        "android_client_info": {
          "package_name": "com.apexSoul.livetv"
        }
      },
      "oauth_client": [
        {
          "client_id": "859408253411-j31poc1r9mgbkl4lcuejck0vgh1g9mqu.apps.googleusercontent.com",
          "client_type": 1,
          "android_info": {
            "package_name": "com.apexSoul.livetv",
            "certificate_hash": "9b4d6ce2a02e1a0f358364be3f7758e89d46efa8"
          }
        },
        {
          "client_id": "859408253411-u78ost3pl31q8euq5f152drvl5uv7r3a.apps.googleusercontent.com",
          "client_type": 3
        }
      ],
      "api_key": [
        {
          "current_key": "AIzaSyCj6NrGAQrtjlVnUiv7oTIr-cCFWCoQ4kI"
        }
      ],
      "services": {
        "appinvite_service": {
          "other_platform_oauth_client": [
            {
              "client_id": "859408253411-u78ost3pl31q8euq5f152drvl5uv7r3a.apps.googleusercontent.com",
              "client_type": 3
            }
          ]
        }
      }
    }
  ],
  "configuration_version": "1"
}